"statistic_yyy","site_id","village","household_ordinary_total","household_business_total","household_single_total","household_ordinary_m","household_business_m","household_single_m","household_ordinary_f","household_business_f","household_single_f"
"統計年","區域別","村里名稱","共同生活戶_戶數","共同事業戶_戶數","單獨生活戶_戶數","共同生活戶_男","共同事業戶_男","單獨生活戶_男","共同生活戶_女","共同事業戶_女","單獨生活戶_女"
"105","新北市板橋區","留侯里","432","0","252","664","0","114","739","0","138"
"105","新北市板橋區","流芳里","402","0","236","628","0","110","712","0","126"
"105","新北市板橋區","赤松里","212","0","108","349","0","52","365","0","56"
"105","新北市板橋區","黃石里","304","0","142","515","0","66","527","0","76"
"105","新北市板橋區","挹秀里","468","0","282","755","0","132","775","0","150"
"105","新北市板橋區","湳興里","1426","0","907","2312","0","427","2477","0","480"
"105","新北市板橋區","新興里","807","0","675","1301","0","274","1319","0","401"
"105","新北市板橋區","社後里","2014","0","2833","3213","0","1939","3214","0","894"
"105","新北市板橋區","香社里","1158","0","439","2029","0","226","2051","0","213"
"105","新北市板橋區","中正里","1125","0","486","1973","0","254","2069","0","232"
"105","新北市板橋區","自強里","1421","0","623","2336","0","290","2431","0","333"
"105","新北市板橋區","自立里","754","0","338","1251","0","170","1336","0","168"
"105","新北市板橋區","光華里","734","0","375","1212","0","171","1226","0","204"
"105","新北市板橋區","國光里","1017","0","546","1596","0","276","1710","0","270"
"105","新北市板橋區","港尾里","790","0","312","1303","0","135","1430","0","177"
"105","新北市板橋區","金華里","1051","0","409","1844","0","190","1910","0","219"
"105","新北市板橋區","港德里","1314","0","622","2244","0","290","2242","0","332"
"105","新北市板橋區","民權里","710","0","379","1179","0","192","1215","0","187"
"105","新北市板橋區","建國里","933","0","482","1570","0","250","1660","0","232"
"105","新北市板橋區","漢生里","1149","0","513","1895","0","263","2051","0","250"
"105","新北市板橋區","公舘里","1033","0","455","1779","0","222","1862","0","233"
"105","新北市板橋區","新民里","1218","0","514","2006","0","263","2154","0","251"
"105","新北市板橋區","幸福里","1069","0","444","1834","0","230","1869","0","214"
"105","新北市板橋區","忠誠里","1138","0","548","1797","0","261","1907","0","287"
"105","新北市板橋區","百壽里","663","0","270","1077","0","132","1164","0","138"
"105","新北市板橋區","介壽里","834","0","375","1340","0","179","1473","0","196"
"105","新北市板橋區","新埔里","547","0","332","910","0","163","956","0","169"
"105","新北市板橋區","華江里","2009","0","1165","3097","0","494","3492","0","671"
"105","新北市板橋區","江翠里","1235","0","552","2162","0","257","2197","0","295"
"105","新北市板橋區","純翠里","1440","0","646","2466","0","298","2524","0","348"
"105","新北市板橋區","溪頭里","1615","0","817","2720","0","385","2791","0","432"
"105","新北市板橋區","聯翠里","938","0","704","1465","0","299","1599","0","405"
"105","新北市板橋區","宏翠里","1240","0","942","1960","0","425","2093","0","517"
"105","新北市板橋區","仁翠里","762","0","353","1310","0","160","1366","0","193"
"105","新北市板橋區","新翠里","2093","0","976","3501","0","438","3703","0","538"
"105","新北市板橋區","吉翠里","994","0","389","1748","0","186","1818","0","203"
"105","新北市板橋區","德翠里","1968","0","732","3351","0","380","3548","0","352"
"105","新北市板橋區","滿翠里","775","0","364","1342","0","156","1399","0","208"
"105","新北市板橋區","明翠里","1278","1","673","2110","1","323","2276","0","350"
"105","新北市板橋區","松翠里","889","0","508","1467","0","237","1548","0","271"
"105","新北市板橋區","柏翠里","1039","0","721","1684","0","333","1832","0","388"
"105","新北市板橋區","龍翠里","1322","0","679","2238","0","318","2379","0","361"
"105","新北市板橋區","華翠里","1022","0","371","1683","0","170","1817","0","201"
"105","新北市板橋區","忠翠里","2920","0","1478","4580","0","621","4973","0","857"
"105","新北市板橋區","嵐翠里","674","0","320","1177","0","158","1159","0","162"
"105","新北市板橋區","文翠里","1083","0","515","1835","0","250","1870","0","265"
"105","新北市板橋區","青翠里","791","0","415","1377","0","232","1325","0","183"
"105","新北市板橋區","懷翠里","1597","0","649","2754","0","332","2844","0","317"
"105","新北市板橋區","福翠里","358","0","199","598","0","102","597","0","97"
"105","新北市板橋區","港嘴里","1640","0","809","2765","0","415","2849","0","394"
"105","新北市板橋區","振興里","1141","0","535","1998","0","262","2064","0","273"
"105","新北市板橋區","振義里","1109","0","526","1904","0","258","1974","0","268"
"105","新北市板橋區","光復里","867","0","471","1524","0","228","1456","0","243"
"105","新北市板橋區","埔墘里","1657","0","900","2712","0","401","2904","0","499"
"105","新北市板橋區","長壽里","742","0","287","1329","0","132","1339","0","155"
"105","新北市板橋區","福壽里","885","0","387","1508","0","205","1591","0","182"
"105","新北市板橋區","海山里","2252","0","576","3752","0","292","4158","0","284"
"105","新北市板橋區","九如里","769","0","304","1321","0","124","1381","0","180"
"105","新北市板橋區","玉光里","1453","0","737","2325","0","341","2580","0","396"
"105","新北市板橋區","光仁里","781","0","273","1403","0","138","1447","0","135"
"105","新北市板橋區","埤墘里","1198","0","505","1963","0","233","2127","0","272"
"105","新北市板橋區","永安里","976","0","433","1596","0","209","1637","0","224"
"105","新北市板橋區","雙玉里","1126","0","424","1905","0","203","2023","0","221"
"105","新北市板橋區","廣新里","969","0","327","1747","0","158","1766","0","169"
"105","新北市板橋區","深丘里","2438","0","1296","3942","0","573","4153","0","723"
"105","新北市板橋區","香丘里","1069","0","415","1761","0","204","1857","0","211"
"105","新北市板橋區","西安里","740","0","305","1245","0","160","1298","0","145"
"105","新北市板橋區","東丘里","1245","0","450","2235","0","225","2319","0","225"
"105","新北市板橋區","長安里","1307","0","430","2236","0","203","2367","0","227"
"105","新北市板橋區","福丘里","1291","0","941","1926","0","412","2173","0","529"
"105","新北市板橋區","福祿里","1098","0","492","1720","0","240","1959","0","252"
"105","新北市板橋區","民族里","1383","0","422","2291","0","217","2478","0","205"
"105","新北市板橋區","國泰里","983","0","475","1586","0","225","1755","0","250"
"105","新北市板橋區","福德里","1380","0","604","2377","0","318","2441","0","286"
"105","新北市板橋區","景星里","904","0","583","1449","0","271","1557","0","312"
"105","新北市板橋區","福星里","946","0","410","1597","0","188","1708","0","222"
"105","新北市板橋區","鄉雲里","967","1","602","1581","4","255","1698","7","347"
"105","新北市板橋區","廣德里","1848","0","755","3135","0","346","3273","0","409"
"105","新北市板橋區","大豐里","1270","0","515","2167","0","241","2250","0","274"
"105","新北市板橋區","重慶里","2377","0","936","4075","0","451","4240","0","485"
"105","新北市板橋區","仁愛里","877","0","292","1509","0","135","1491","0","157"
"105","新北市板橋區","和平里","1088","0","535","1692","0","226","1840","0","309"
"105","新北市板橋區","廣福里","1100","0","473","1862","0","274","2020","0","199"
"105","新北市板橋區","華興里","1096","0","508","1842","0","247","1975","0","261"
"105","新北市板橋區","華貴里","723","0","302","1232","0","140","1312","0","162"
"105","新北市板橋區","華德里","1903","0","1041","3138","0","466","3232","0","575"
"105","新北市板橋區","華東里","1881","0","1144","2946","0","537","3088","0","607"
"105","新北市板橋區","信義里","1124","0","586","1908","0","283","1938","0","303"
"105","新北市板橋區","浮洲里","973","2","442","1798","128","244","1820","49","198"
"105","新北市板橋區","華中里","1418","0","517","2542","0","277","2552","0","240"
"105","新北市板橋區","僑中里","1052","0","379","1907","0","205","1957","0","174"
"105","新北市板橋區","中山里","1114","0","560","1855","0","283","1901","0","277"
"105","新北市板橋區","復興里","222","1","97","395","236","48","386","5","49"
"105","新北市板橋區","大安里","1057","0","482","1908","0","258","1919","0","224"
"105","新北市板橋區","福安里","679","0","335","1162","0","168","1208","0","167"
"105","新北市板橋區","聚安里","1434","0","584","2529","0","314","2545","0","270"
"105","新北市板橋區","龍安里","764","0","325","1306","0","155","1391","0","170"
"105","新北市板橋區","崑崙里","2640","0","1061","4642","0","489","4770","0","572"
"105","新北市板橋區","溪洲里","1624","0","575","2827","0","252","2918","0","323"
"105","新北市板橋區","溪北里","983","0","372","1666","0","183","1747","0","189"
"105","新北市板橋區","香雅里","689","0","299","1187","0","143","1195","0","156"
"105","新北市板橋區","新生里","1188","0","373","2082","0","181","2072","0","192"
"105","新北市板橋區","文德里","852","0","332","1489","0","155","1466","0","177"
"105","新北市板橋區","文化里","891","0","487","1488","0","230","1554","0","257"
"105","新北市板橋區","新海里","931","0","316","1749","0","140","1702","0","176"
"105","新北市板橋區","莒光里","782","0","389","1330","0","194","1370","0","195"
"105","新北市板橋區","富貴里","630","0","242","1026","0","106","1116","0","136"
"105","新北市板橋區","正泰里","823","0","275","1400","0","137","1537","0","138"
"105","新北市板橋區","民生里","627","0","294","984","0","129","1126","0","165"
"105","新北市板橋區","後埔里","1025","0","597","1688","0","298","1740","0","299"
"105","新北市板橋區","華福里","576","0","203","995","0","94","1038","0","109"
"105","新北市板橋區","堂春里","1162","0","343","2103","0","178","2137","0","165"
"105","新北市板橋區","成和里","1775","0","649","3033","0","307","3135","0","342"
"105","新北市板橋區","光榮里","722","0","300","1198","0","146","1211","0","154"
"105","新北市板橋區","民安里","597","0","263","954","0","126","1035","0","137"
"105","新北市板橋區","陽明里","748","0","315","1266","0","155","1343","0","160"
"105","新北市板橋區","朝陽里","897","0","369","1507","0","189","1674","0","180"
"105","新北市板橋區","松柏里","600","0","350","1026","0","187","1044","0","163"
"105","新北市板橋區","文聖里","1044","0","391","1791","0","189","1861","0","202"
"105","新北市板橋區","居仁里","867","0","367","1543","0","170","1545","0","197"
"105","新北市板橋區","莊敬里","1210","0","418","1992","0","174","2041","0","244"
"105","新北市板橋區","東安里","722","0","194","1252","0","105","1330","0","89"
"105","新北市板橋區","五權里","1150","0","434","1996","0","214","1990","0","220"
"105","新北市板橋區","溪福里","3915","0","1208","6850","0","602","7047","0","606"
"105","新北市板橋區","大觀里","986","0","352","1744","0","161","1835","0","191"
"105","新北市板橋區","歡園里","344","0","148","617","0","90","609","0","58"
"105","新北市三重區","大有里","1374","0","617","2451","0","317","2516","0","300"
"105","新北市三重區","二重里","429","0","156","779","0","90","778","0","66"
"105","新北市三重區","頂崁里","587","0","284","1042","0","165","1060","0","119"
"105","新北市三重區","谷王里","234","0","116","458","0","69","422","0","47"
"105","新北市三重區","中興里","953","0","581","1698","0","319","1727","0","262"
"105","新北市三重區","德厚里","98","0","72","164","0","36","172","0","36"
"105","新北市三重區","成功里","1632","0","1122","2620","0","528","2808","0","594"
"105","新北市三重區","福祉里","1468","0","813","2429","0","375","2556","0","438"
"105","新北市三重區","福民里","928","0","427","1626","0","218","1653","0","209"
"105","新北市三重區","過田里","2096","0","3003","3315","0","1968","3335","0","1035"
"105","新北市三重區","錦田里","541","0","306","957","0","141","945","0","165"
"105","新北市三重區","重明里","978","0","490","1638","0","234","1697","0","256"
"105","新北市三重區","光田里","1173","0","775","1940","0","346","1947","0","429"
"105","新北市三重區","光陽里","1687","0","900","2786","0","439","2842","0","461"
"105","新北市三重區","田心里","1088","0","505","1877","0","249","1886","0","256"
"105","新北市三重區","福田里","951","0","308","1732","0","137","1691","0","171"
"105","新北市三重區","田中里","1700","0","641","2988","0","325","3105","0","316"
"105","新北市三重區","田安里","1644","0","782","2796","0","371","2995","0","411"
"105","新北市三重區","三民里","889","0","409","1552","0","213","1571","0","196"
"105","新北市三重區","光明里","1970","0","1068","3341","0","504","3450","0","564"
"105","新北市三重區","光正里","608","0","689","915","0","341","953","0","348"
"105","新北市三重區","同安里","372","0","226","651","0","125","665","0","101"
"105","新北市三重區","同慶里","473","0","261","795","0","132","805","0","129"
"105","新北市三重區","菜寮里","572","0","313","984","0","164","1065","0","149"
"105","新北市三重區","永春里","506","0","291","888","0","145","923","0","146"
"105","新北市三重區","中正里","358","0","218","626","0","103","589","0","115"
"105","新北市三重區","吉利里","353","0","274","581","0","145","600","0","129"
"105","新北市三重區","大同里","502","0","413","786","0","185","843","0","228"
"105","新北市三重區","中民里","334","0","204","559","0","114","574","0","90"
"105","新北市三重區","平和里","410","0","232","705","0","112","655","0","120"
"105","新北市三重區","大安里","432","0","244","743","0","131","746","0","113"
"105","新北市三重區","仁德里","500","0","356","885","0","187","845","0","169"
"105","新北市三重區","忠孝里","440","0","281","739","0","156","756","0","125"
"105","新北市三重區","仁義里","314","0","159","555","0","80","555","0","79"
"105","新北市三重區","光榮里","345","0","312","559","0","159","576","0","153"
"105","新北市三重區","光輝里","408","0","224","689","0","121","696","0","103"
"105","新北市三重區","福星里","263","0","218","408","0","101","436","0","117"
"105","新北市三重區","福利里","608","0","461","906","0","224","1072","0","237"
"105","新北市三重區","清和里","957","0","869","1490","0","396","1600","0","473"
"105","新北市三重區","永興里","316","0","297","512","0","144","547","0","153"
"105","新北市三重區","中山里","724","0","468","1155","0","243","1227","0","225"
"105","新北市三重區","大園里","712","0","410","1284","0","184","1227","0","226"
"105","新北市三重區","國隆里","722","0","378","1213","0","163","1263","0","215"
"105","新北市三重區","重陽里","963","0","466","1689","0","243","1723","0","223"
"105","新北市三重區","民生里","1139","0","596","1939","0","311","2037","0","285"
"105","新北市三重區","重新里","368","0","240","629","0","118","648","0","122"
"105","新北市三重區","正德里","300","0","202","486","0","101","528","0","101"
"105","新北市三重區","正義里","492","0","283","854","0","129","825","0","154"
"105","新北市三重區","正安里","512","0","339","844","0","172","897","0","167"
"105","新北市三重區","自強里","479","0","271","799","0","141","838","0","130"
"105","新北市三重區","文化里","630","0","339","1073","0","174","1081","0","165"
"105","新北市三重區","中央里","441","0","365","723","0","182","737","0","183"
"105","新北市三重區","雙園里","234","0","190","420","0","99","421","0","91"
"105","新北市三重區","錦通里","392","0","260","636","0","123","688","0","137"
"105","新北市三重區","錦安里","473","0","317","752","0","163","840","0","154"
"105","新北市三重區","長安里","589","0","308","1015","0","156","1025","0","152"
"105","新北市三重區","光華里","502","0","389","825","0","188","826","0","201"
"105","新北市三重區","長生里","233","0","148","388","0","66","375","0","82"
"105","新北市三重區","開元里","389","0","275","638","0","137","645","0","138"
"105","新北市三重區","大德里","216","0","132","340","0","56","368","0","76"
"105","新北市三重區","長元里","651","0","379","1118","0","188","1098","0","191"
"105","新北市三重區","長江里","519","0","383","864","0","193","890","0","190"
"105","新北市三重區","長泰里","587","0","342","997","0","182","1023","0","160"
"105","新北市三重區","長福里","395","0","239","674","0","112","730","0","127"
"105","新北市三重區","介壽里","304","0","212","512","0","101","527","0","111"
"105","新北市三重區","萬壽里","537","0","299","911","0","141","954","0","158"
"105","新北市三重區","錦江里","610","0","324","1057","0","169","1079","0","155"
"105","新北市三重區","龍濱里","855","0","402","1484","0","216","1600","0","186"
"105","新北市三重區","龍門里","499","0","281","835","0","140","873","0","141"
"105","新北市三重區","秀江里","348","0","209","639","0","107","637","0","102"
"105","新北市三重區","奕壽里","451","0","331","778","0","138","760","0","193"
"105","新北市三重區","三安里","682","0","531","1097","0","235","1137","0","296"
"105","新北市三重區","福安里","809","0","456","1368","0","222","1382","0","234"
"105","新北市三重區","信安里","529","0","329","847","0","164","900","0","165"
"105","新北市三重區","安慶里","558","0","338","912","0","164","954","0","174"
"105","新北市三重區","幸福里","1194","0","676","2030","0","333","2104","0","343"
"105","新北市三重區","六合里","969","0","521","1691","0","266","1710","0","255"
"105","新北市三重區","六福里","1518","0","493","2685","0","241","2774","0","252"
"105","新北市三重區","順德里","563","0","318","1056","0","171","982","0","147"
"105","新北市三重區","承德里","483","0","187","901","0","98","888","0","89"
"105","新北市三重區","瑞德里","609","0","334","1076","0","176","1147","0","158"
"105","新北市三重區","崇德里","1026","0","489","1889","0","239","1831","0","250"
"105","新北市三重區","厚德里","998","0","451","1680","0","219","1741","0","232"
"105","新北市三重區","維德里","809","0","352","1358","0","169","1441","0","183"
"105","新北市三重區","尚德里","815","0","419","1390","0","199","1481","0","220"
"105","新北市三重區","培德里","987","0","456","1719","0","238","1789","0","218"
"105","新北市三重區","永德里","1356","0","549","2363","0","270","2462","0","279"
"105","新北市三重區","永盛里","904","0","364","1562","0","179","1655","0","185"
"105","新北市三重區","永福里","1489","0","530","2534","0","281","2792","0","249"
"105","新北市三重區","永清里","1520","0","524","2661","0","233","2834","0","291"
"105","新北市三重區","永安里","1159","0","410","1990","0","204","2083","0","206"
"105","新北市三重區","永煇里","672","0","292","1223","0","149","1145","0","143"
"105","新北市三重區","溪美里","2100","0","1153","3510","0","538","3685","0","615"
"105","新北市三重區","福隆里","1246","0","574","2046","0","279","2211","0","295"
"105","新北市三重區","五常里","1099","0","384","1992","0","212","2071","0","172"
"105","新北市三重區","五福里","998","0","630","1625","0","308","1772","0","322"
"105","新北市三重區","仁忠里","831","0","429","1427","0","228","1490","0","201"
"105","新北市三重區","慈福里","598","0","347","990","0","189","998","0","158"
"105","新北市三重區","慈生里","578","0","309","1026","0","159","1087","0","150"
"105","新北市三重區","慈惠里","544","0","294","986","0","141","986","0","153"
"105","新北市三重區","慈愛里","922","0","453","1591","0","231","1663","0","222"
"105","新北市三重區","慈化里","669","0","277","1173","0","151","1268","0","126"
"105","新北市三重區","慈祐里","1255","0","526","2222","0","275","2262","0","251"
"105","新北市三重區","五華里","1375","0","697","2295","0","326","2463","0","371"
"105","新北市三重區","富貴里","1597","0","1157","2568","0","524","2763","0","633"
"105","新北市三重區","富華里","848","0","471","1486","0","241","1424","0","230"
"105","新北市三重區","富福里","543","0","233","939","0","121","1008","0","112"
"105","新北市三重區","碧華里","1860","0","1480","2922","0","674","3113","0","806"
"105","新北市三重區","五谷里","455","0","282","800","0","153","748","0","129"
"105","新北市三重區","博愛里","1226","0","407","2129","0","196","2253","0","211"
"105","新北市三重區","福德里","1036","0","661","1629","0","320","1847","0","341"
"105","新北市三重區","永吉里","857","0","357","1385","0","177","1493","0","180"
"105","新北市三重區","永發里","1581","0","596","2791","0","311","2804","0","285"
"105","新北市三重區","永順里","1421","0","462","2447","0","233","2637","0","229"
"105","新北市三重區","永豐里","1623","0","536","2867","0","265","2974","0","271"
"105","新北市三重區","立德里","900","0","411","1562","0","194","1623","0","217"
"105","新北市三重區","福樂里","1030","0","513","1741","0","244","1736","0","269"
"105","新北市三重區","仁華里","1108","0","587","1914","0","273","1976","0","314"
"105","新北市三重區","五順里","1044","0","444","1865","0","227","1868","0","217"
"105","新北市中和區","中原里","1383","0","944","2260","0","495","2392","0","449"
"105","新北市中和區","平河里","2455","0","1353","4045","0","613","4275","0","740"
"105","新北市中和區","信和里","1165","0","475","2047","0","236","2013","0","239"
"105","新北市中和區","仁和里","1142","0","425","2027","0","211","2049","0","214"
"105","新北市中和區","中正里","1078","0","493","1853","0","233","1941","0","260"
"105","新北市中和區","建和里","962","0","474","1637","0","223","1658","0","251"
"105","新北市中和區","連和里","568","0","684","849","0","287","958","0","397"
"105","新北市中和區","連城里","1721","0","886","2787","0","438","3050","0","448"
"105","新北市中和區","力行里","1663","0","789","2704","0","359","2906","0","430"
"105","新北市中和區","枋寮里","990","0","520","1664","0","240","1659","0","280"
"105","新北市中和區","漳和里","935","0","630","1525","0","293","1610","0","337"
"105","新北市中和區","廟美里","1178","0","568","1980","0","263","2037","0","305"
"105","新北市中和區","福真里","1048","0","668","1783","0","322","1832","0","346"
"105","新北市中和區","福善里","1089","0","742","1734","0","317","1856","0","425"
"105","新北市中和區","福美里","1178","0","547","1996","0","281","2083","0","266"
"105","新北市中和區","福祥里","1352","0","757","2275","0","347","2317","0","410"
"105","新北市中和區","瓦󿾨里","1439","0","800","2398","0","390","2549","0","410"
"105","新北市中和區","福和里","995","0","489","1649","0","246","1694","0","243"
"105","新北市中和區","佳和里","1273","0","803","2013","0","359","2152","0","444"
"105","新北市中和區","安樂里","967","0","629","1461","0","277","1589","0","352"
"105","新北市中和區","安和里","854","0","529","1313","0","216","1370","0","313"
"105","新北市中和區","安平里","1545","0","1140","2370","0","502","2520","0","638"
"105","新北市中和區","中安里","1126","0","959","1653","0","411","1811","0","548"
"105","新北市中和區","泰安里","948","0","510","1489","0","225","1627","0","285"
"105","新北市中和區","新南里","2197","0","1338","3396","0","564","3761","0","774"
"105","新北市中和區","南山里","1414","0","790","2302","0","370","2377","0","420"
"105","新北市中和區","秀山里","1226","0","561","1986","0","270","2140","0","291"
"105","新北市中和區","秀成里","944","0","425","1577","0","197","1620","0","228"
"105","新北市中和區","秀福里","1265","0","709","2045","0","338","2164","0","371"
"105","新北市中和區","秀景里","1663","0","1210","2648","0","574","2686","0","636"
"105","新北市中和區","秀明里","1303","0","1069","1958","0","442","2147","0","627"
"105","新北市中和區","秀峰里","1046","0","835","1604","0","333","1738","0","502"
"105","新北市中和區","秀仁里","901","0","518","1414","0","253","1462","0","265"
"105","新北市中和區","頂南里","808","0","334","1387","0","165","1471","0","169"
"105","新北市中和區","華新里","1973","1","907","3272","1","406","3466","0","501"
"105","新北市中和區","東南里","1129","0","624","1842","0","313","1938","0","311"
"105","新北市中和區","華南里","1344","0","767","2235","0","354","2263","0","413"
"105","新北市中和區","忠孝里","1282","0","590","2241","0","301","2302","0","289"
"105","新北市中和區","崇南里","1073","0","684","1718","0","308","1793","0","376"
"105","新北市中和區","景南里","856","0","485","1373","0","227","1469","0","258"
"105","新北市中和區","橫路里","84","0","47","161","0","32","161","0","15"
"105","新北市中和區","內南里","1314","0","527","2439","0","287","2397","0","240"
"105","新北市中和區","壽南里","606","0","342","1090","0","182","1067","0","160"
"105","新北市中和區","外南里","1578","0","2470","2451","0","1723","2522","0","747"
"105","新北市中和區","復興里","1392","0","693","2239","0","315","2480","0","378"
"105","新北市中和區","和興里","1167","0","715","1886","0","323","2027","0","392"
"105","新北市中和區","景平里","1414","0","1099","2210","0","470","2340","0","629"
"105","新北市中和區","景新里","933","0","532","1540","0","237","1650","0","295"
"105","新北市中和區","景福里","1386","0","1079","2188","0","483","2402","0","596"
"105","新北市中和區","景安里","1284","0","739","2040","0","364","2116","0","375"
"105","新北市中和區","景文里","829","0","565","1401","0","233","1377","0","332"
"105","新北市中和區","錦和里","1523","0","545","2610","0","275","2742","0","270"
"105","新北市中和區","錦昌里","613","0","360","1056","0","176","995","0","184"
"105","新北市中和區","灰󿾨里","182","0","69","393","0","47","373","0","22"
"105","新北市中和區","積穗里","2132","0","1316","3471","0","610","3652","0","706"
"105","新北市中和區","民享里","677","0","262","1147","0","129","1182","0","133"
"105","新北市中和區","員山里","1770","0","966","2922","0","428","2974","0","538"
"105","新北市中和區","嘉穗里","705","0","289","1258","0","153","1278","0","136"
"105","新北市中和區","文元里","1429","0","617","2391","0","297","2508","0","320"
"105","新北市中和區","嘉新里","1053","0","391","1891","0","198","1922","0","193"
"105","新北市中和區","民安里","1327","0","539","2290","0","275","2320","0","264"
"105","新北市中和區","安穗里","1240","0","588","2033","0","290","2164","0","298"
"105","新北市中和區","瑞穗里","642","0","359","1017","0","163","1167","0","196"
"105","新北市中和區","明穗里","1217","0","464","2147","0","244","2165","0","220"
"105","新北市中和區","清穗里","859","0","421","1517","0","218","1475","0","203"
"105","新北市中和區","自強里","1348","0","566","2332","0","284","2400","0","282"
"105","新北市中和區","德穗里","1207","0","549","2039","0","259","2115","0","290"
"105","新北市中和區","民生里","1122","0","659","1773","0","315","1920","0","344"
"105","新北市中和區","國光里","1049","0","454","1767","0","225","1866","0","229"
"105","新北市中和區","壽德里","1267","0","563","2079","0","247","2198","0","316"
"105","新北市中和區","明德里","1064","0","496","1784","0","246","1834","0","250"
"105","新北市中和區","秀水里","1009","0","574","1609","0","264","1717","0","310"
"105","新北市中和區","德行里","1798","0","1014","2922","0","445","3007","0","569"
"105","新北市中和區","宜安里","477","0","346","751","0","169","789","0","177"
"105","新北市中和區","安順里","1190","0","755","1812","0","310","1934","0","445"
"105","新北市中和區","秀義里","691","0","403","1181","0","205","1164","0","198"
"105","新北市中和區","秀士里","628","0","444","1033","0","218","1095","0","226"
"105","新北市中和區","興南里","811","0","456","1371","0","234","1481","0","222"
"105","新北市中和區","景本里","572","0","305","946","0","136","989","0","169"
"105","新北市中和區","福南里","1142","0","435","1950","0","204","2143","0","231"
"105","新北市中和區","中興里","1838","0","958","3034","0","408","3157","0","550"
"105","新北市中和區","吉興里","819","0","472","1254","0","204","1429","0","268"
"105","新北市中和區","中山里","760","0","355","1311","0","160","1324","0","195"
"105","新北市中和區","碧河里","1073","0","629","1850","0","288","1857","0","341"
"105","新北市中和區","錦中里","1113","0","475","1957","0","207","2014","0","268"
"105","新北市中和區","錦盛里","1061","0","403","1816","0","191","1904","0","212"
"105","新北市中和區","民有里","764","0","356","1276","0","182","1306","0","174"
"105","新北市中和區","員富里","879","0","498","1513","0","257","1517","0","241"
"105","新北市中和區","嘉慶里","1169","0","491","2028","0","253","2058","0","238"
"105","新北市中和區","冠穗里","931","0","359","1614","0","175","1546","0","184"
"105","新北市中和區","國華里","883","0","432","1512","0","211","1519","0","221"
"105","新北市中和區","正南里","932","0","438","1663","0","210","1631","0","228"
"105","新北市中和區","正行里","789","1","487","1260","8","230","1371","10","257"
"105","新北市永和區","福林里","954","0","491","1527","0","218","1585","0","273"
"105","新北市永和區","文化里","737","0","455","1173","0","206","1258","0","249"
"105","新北市永和區","豫溪里","1114","0","1572","1643","0","917","1787","0","655"
"105","新北市永和區","光明里","828","0","493","1209","0","205","1445","0","288"
"105","新北市永和區","仁愛里","704","0","447","1114","0","215","1228","0","232"
"105","新北市永和區","永貞里","929","0","532","1478","0","230","1616","0","302"
"105","新北市永和區","永福里","762","0","392","1229","0","187","1275","0","205"
"105","新北市永和區","民治里","808","0","433","1222","0","176","1443","0","257"
"105","新北市永和區","永成里","243","0","195","435","0","79","420","0","116"
"105","新北市永和區","忠義里","212","0","106","398","0","52","366","0","54"
"105","新北市永和區","永元里","1324","0","633","2072","0","269","2355","0","364"
"105","新北市永和區","秀林里","1032","0","474","1655","0","257","1801","0","217"
"105","新北市永和區","保安里","2028","0","948","3221","0","406","3469","0","542"
"105","新北市永和區","中溪里","1374","0","714","2312","0","342","2313","0","372"
"105","新北市永和區","永安里","1166","0","654","1787","0","245","1934","0","409"
"105","新北市永和區","民族里","1324","0","553","2088","0","233","2266","0","320"
"105","新北市永和區","民權里","1290","0","493","2141","0","210","2219","0","283"
"105","新北市永和區","中興里","764","0","510","1149","0","206","1305","0","304"
"105","新北市永和區","勵行里","297","0","266","519","0","105","524","0","161"
"105","新北市永和區","秀朗里","1093","0","494","1827","0","227","1903","0","267"
"105","新北市永和區","秀成里","808","0","391","1326","0","195","1348","0","196"
"105","新北市永和區","上溪里","496","0","421","766","0","185","874","0","236"
"105","新北市永和區","竹林里","1006","0","532","1588","0","242","1694","0","290"
"105","新北市永和區","雙和里","1053","0","676","1618","0","284","1839","0","392"
"105","新北市永和區","安和里","1040","0","699","1618","0","299","1782","0","400"
"105","新北市永和區","水源里","1121","0","554","1779","0","265","1933","0","289"
"105","新北市永和區","協和里","760","0","549","1237","0","250","1292","0","299"
"105","新北市永和區","河堤里","855","0","662","1330","0","305","1410","0","357"
"105","新北市永和區","頂溪里","655","0","427","1033","0","177","1083","0","250"
"105","新北市永和區","潭墘里","1245","0","689","1928","0","291","2250","0","398"
"105","新北市永和區","潭安里","1353","0","662","2168","0","309","2282","0","353"
"105","新北市永和區","大新里","697","0","520","1002","0","219","1207","0","301"
"105","新北市永和區","保平里","1359","0","619","2119","0","304","2389","0","315"
"105","新北市永和區","民本里","1109","0","516","1795","0","230","1979","0","286"
"105","新北市永和區","民樂里","1316","0","629","2145","0","308","2258","0","321"
"105","新北市永和區","光復里","463","0","302","689","0","120","790","0","182"
"105","新北市永和區","復興里","626","0","375","1003","0","176","1091","0","199"
"105","新北市永和區","福和里","1417","0","891","2149","0","389","2378","0","502"
"105","新北市永和區","得和里","1207","0","645","1832","0","293","2058","0","352"
"105","新北市永和區","智光里","903","0","485","1507","0","220","1572","0","265"
"105","新北市永和區","新生里","212","0","149","378","0","78","355","0","71"
"105","新北市永和區","大同里","256","0","154","426","0","83","421","0","71"
"105","新北市永和區","前溪里","559","0","425","821","0","198","958","0","227"
"105","新北市永和區","和平里","1336","0","778","2110","0","350","2256","0","428"
"105","新北市永和區","新廍里","606","0","373","967","0","189","991","0","184"
"105","新北市永和區","下溪里","1053","0","538","1778","0","264","1893","0","274"
"105","新北市永和區","秀和里","1406","0","663","2216","0","301","2375","0","362"
"105","新北市永和區","河濱里","904","0","444","1434","0","208","1507","0","236"
"105","新北市永和區","民生里","1129","0","419","1792","0","197","2068","0","222"
"105","新北市永和區","秀得里","738","0","336","1222","0","143","1317","0","193"
"105","新北市永和區","上林里","941","0","564","1495","0","262","1633","0","302"
"105","新北市永和區","網溪里","319","0","180","540","0","82","534","0","98"
"105","新北市永和區","正興里","592","0","416","898","0","174","1027","0","242"
"105","新北市永和區","永興里","867","0","470","1382","0","217","1533","0","253"
"105","新北市永和區","桂林里","990","0","509","1621","0","226","1762","0","283"
"105","新北市永和區","店街里","1138","0","783","1626","0","331","1947","0","452"
"105","新北市永和區","信義里","673","0","531","1007","0","223","1157","0","308"
"105","新北市永和區","後溪里","488","0","350","762","0","153","794","0","197"
"105","新北市永和區","民富里","855","0","296","1467","0","141","1529","0","155"
"105","新北市永和區","秀元里","881","0","362","1414","0","156","1491","0","206"
"105","新北市永和區","永樂里","658","0","480","986","0","193","1120","0","287"
"105","新北市永和區","保順里","2891","0","1496","4434","0","643","4888","0","853"
"105","新北市新莊區","海山里","1455","0","641","2431","0","313","2580","0","328"
"105","新北市新莊區","頭前里","1819","0","1572","3061","0","770","3208","0","802"
"105","新北市新莊區","國泰里","402","0","177","734","0","107","731","0","70"
"105","新北市新莊區","全安里","1194","0","612","2015","0","280","2120","0","332"
"105","新北市新莊區","福基里","1048","0","877","1781","0","420","1782","0","457"
"105","新北市新莊區","豐年里","1007","0","362","1749","0","187","1850","0","175"
"105","新北市新莊區","忠孝里","1285","1","615","2174","20","302","2299","7","313"
"105","新北市新莊區","恆安里","1248","0","441","2132","0","217","2264","0","224"
"105","新北市新莊區","後港里","1911","0","625","3309","0","293","3470","0","332"
"105","新北市新莊區","文衡里","561","0","281","991","0","125","1005","0","156"
"105","新北市新莊區","中美里","1633","0","567","2816","0","256","2951","0","311"
"105","新北市新莊區","八德里","845","0","371","1422","0","180","1496","0","191"
"105","新北市新莊區","興漢里","941","0","460","1623","0","224","1643","0","236"
"105","新北市新莊區","中和里","1244","0","458","2168","0","235","2275","0","223"
"105","新北市新莊區","西盛里","2837","0","1133","4972","0","612","5128","0","521"
"105","新北市新莊區","榮和里","930","0","1846","1533","0","1334","1489","0","512"
"105","新北市新莊區","中泰里","1205","0","577","2051","0","300","2122","0","277"
"105","新北市新莊區","瓊林里","1546","0","619","2868","0","341","2845","0","278"
"105","新北市新莊區","文德里","480","0","247","816","0","120","837","0","127"
"105","新北市新莊區","中誠里","604","0","268","1027","0","137","1038","0","131"
"105","新北市新莊區","裕民里","1956","0","683","3449","0","322","3444","0","361"
"105","新北市新莊區","文明里","471","0","198","839","0","88","903","0","110"
"105","新北市新莊區","中港里","1747","0","465","3080","0","238","3284","0","227"
"105","新北市新莊區","富國里","641","0","274","1113","0","139","1121","0","135"
"105","新北市新莊區","思源里","1475","0","639","2473","0","319","2637","0","320"
"105","新北市新莊區","立人里","638","0","259","1084","0","126","1122","0","133"
"105","新北市新莊區","南港里","1437","0","529","2474","0","257","2555","0","272"
"105","新北市新莊區","仁愛里","701","0","349","1211","0","172","1298","0","177"
"105","新北市新莊區","立德里","686","0","307","1175","0","150","1256","0","157"
"105","新北市新莊區","信義里","1485","0","598","2551","0","273","2717","0","325"
"105","新北市新莊區","立言里","1402","0","470","2381","0","231","2595","0","239"
"105","新北市新莊區","民安里","1625","0","495","2825","0","244","3049","0","251"
"105","新北市新莊區","和平里","1296","0","441","2229","0","223","2353","0","218"
"105","新北市新莊區","立功里","1011","0","391","1730","0","174","1789","0","217"
"105","新北市新莊區","民本里","807","0","338","1431","0","183","1407","0","155"
"105","新北市新莊區","化成里","858","0","475","1613","0","234","1598","0","241"
"105","新北市新莊區","立志里","1073","0","444","1797","0","227","1928","0","217"
"105","新北市新莊區","光華里","2031","0","681","3549","0","351","3729","0","330"
"105","新北市新莊區","思賢里","1161","0","417","1996","0","214","2063","0","203"
"105","新北市新莊區","營盤里","575","0","342","1028","0","162","983","0","180"
"105","新北市新莊區","光榮里","1241","0","300","2248","0","141","2353","0","159"
"105","新北市新莊區","自強里","726","0","434","1235","0","211","1166","0","223"
"105","新北市新莊區","丹鳳里","2157","0","935","3704","0","476","3872","0","459"
"105","新北市新莊區","光明里","1263","0","292","2282","0","144","2422","0","148"
"105","新北市新莊區","自立里","1470","0","719","2417","0","319","2637","0","400"
"105","新北市新莊區","合鳳里","1230","0","445","2213","0","229","2194","0","216"
"105","新北市新莊區","幸福里","1189","0","448","2034","0","223","2169","0","225"
"105","新北市新莊區","雙鳳里","2912","1","1342","4950","33","658","5065","12","684"
"105","新北市新莊區","自信里","669","0","303","1155","0","141","1200","0","162"
"105","新北市新莊區","龍鳳里","2461","0","1087","4000","0","467","4358","0","620"
"105","新北市新莊區","中華里","766","0","412","1280","0","198","1323","0","214"
"105","新北市新莊區","中隆里","1254","0","528","2142","0","228","2216","0","300"
"105","新北市新莊區","中原里","2706","0","1263","4581","0","600","4827","0","663"
"105","新北市新莊區","中信里","2394","0","719","4142","0","348","4389","0","371"
"105","新北市新莊區","四維里","1270","0","561","2100","0","272","2236","0","289"
"105","新北市新莊區","建福里","690","0","214","1216","0","105","1211","0","109"
"105","新北市新莊區","中宏里","1009","0","351","1751","0","176","1817","0","175"
"105","新北市新莊區","中全里","966","0","332","1731","0","171","1741","0","161"
"105","新北市新莊區","立泰里","1302","0","538","2231","0","253","2392","0","285"
"105","新北市新莊區","全泰里","1415","0","520","2387","0","255","2422","0","265"
"105","新北市新莊區","仁義里","1011","0","434","1756","0","232","1774","0","202"
"105","新北市新莊區","立基里","1725","0","607","2941","0","266","3052","0","341"
"105","新北市新莊區","昌明里","974","0","315","1668","0","148","1794","0","167"
"105","新北市新莊區","昌平里","1497","0","1347","2290","0","599","2550","0","748"
"105","新北市新莊區","文聖里","954","0","499","1524","0","217","1703","0","282"
"105","新北市新莊區","萬安里","1008","0","478","1670","0","218","1791","0","260"
"105","新北市新莊區","龍安里","638","0","197","1154","0","105","1155","0","92"
"105","新北市新莊區","福營里","628","0","470","1090","0","244","1074","0","226"
"105","新北市新莊區","後德里","808","0","280","1427","0","139","1423","0","141"
"105","新北市新莊區","建安里","1788","0","698","3027","0","326","3179","0","372"
"105","新北市新莊區","成德里","1377","0","435","2371","0","213","2585","0","222"
"105","新北市新莊區","福興里","1507","0","605","2764","0","310","2719","0","295"
"105","新北市新莊區","昌信里","1043","0","367","1715","0","154","1844","0","213"
"105","新北市新莊區","昌隆里","1231","0","458","1990","0","194","2219","0","264"
"105","新北市新莊區","中平里","2518","0","922","4013","0","377","4547","0","545"
"105","新北市新莊區","立廷里","3155","0","1486","4921","0","660","5375","0","826"
"105","新北市新莊區","泰豐里","646","0","354","1098","0","173","1156","0","181"
"105","新北市新莊區","富民里","1026","0","441","1745","0","202","1799","0","239"
"105","新北市新莊區","龍福里","603","0","255","1017","0","118","1118","0","137"
"105","新北市新莊區","祥鳳里","671","0","230","1150","0","122","1197","0","108"
"105","新北市新莊區","民全里","985","0","340","1780","0","176","1801","0","164"
"105","新北市新莊區","民有里","1109","0","439","1857","0","192","1968","0","247"
"105","新北市新莊區","光正里","1232","0","383","2243","0","181","2278","0","202"
"105","新北市新莊區","光和里","773","0","170","1355","0","81","1446","0","89"
"105","新北市新店區","國豐里","890","0","560","1375","0","234","1560","0","326"
"105","新北市新店區","明德里","1067","0","727","1609","0","328","1826","0","399"
"105","新北市新店區","大豐里","997","0","606","1542","0","275","1719","0","331"
"105","新北市新店區","大同里","1049","0","730","1651","0","329","1741","0","401"
"105","新北市新店區","江陵里","1498","1","840","2298","0","368","2510","1","472"
"105","新北市新店區","寶興里","1343","0","1114","2062","0","518","2220","0","596"
"105","新北市新店區","寶安里","1388","0","1211","2099","0","509","2271","0","702"
"105","新北市新店區","信義里","1590","0","1430","2351","0","683","2548","0","747"
"105","新北市新店區","忠孝里","724","0","556","1105","0","260","1171","0","296"
"105","新北市新店區","大鵬里","713","0","571","1048","0","287","1120","0","284"
"105","新北市新店區","太平里","817","0","598","1312","0","260","1371","0","338"
"105","新北市新店區","頂城里","414","1","282","747","1","173","718","3","109"
"105","新北市新店區","下城里","829","0","560","1428","0","325","1431","0","235"
"105","新北市新店區","柴埕里","2397","0","1207","3972","0","555","4183","0","652"
"105","新北市新店區","永安里","1363","0","643","2325","0","311","2442","0","332"
"105","新北市新店區","公崙里","3035","1","1396","5026","0","647","5285","2","749"
"105","新北市新店區","德安里","1651","0","652","2996","0","310","2907","0","342"
"105","新北市新店區","雙城里","1488","1","690","2698","2","379","2701","0","311"
"105","新北市新店區","日興里","1518","0","724","2682","0","385","2684","0","339"
"105","新北市新店區","玫瑰里","1649","0","685","2696","0","308","2846","0","377"
"105","新北市新店區","塗潭里","223","0","126","489","0","69","440","0","57"
"105","新北市新店區","美潭里","1415","0","732","2300","0","354","2425","0","378"
"105","新北市新店區","員潭里","1242","1","882","2092","13","445","2112","4","437"
"105","新北市新店區","雙坑里","184","0","127","407","0","86","337","0","41"
"105","新北市新店區","粗坑里","839","0","510","1315","0","254","1457","0","256"
"105","新北市新店區","屈尺里","579","1","301","1084","113","171","1077","49","130"
"105","新北市新店區","龜山里","417","0","289","752","0","164","754","0","125"
"105","新北市新店區","廣興里","307","0","287","584","0","176","513","0","111"
"105","新北市新店區","直潭里","316","0","145","606","0","83","564","0","62"
"105","新北市新店區","青潭里","1443","0","838","2343","0","405","2465","0","433"
"105","新北市新店區","新店里","467","0","340","765","0","169","767","0","171"
"105","新北市新店區","張南里","528","0","559","704","0","252","874","0","307"
"105","新北市新店區","國校里","670","0","450","1114","0","211","1115","0","239"
"105","新北市新店區","文中里","463","0","333","711","0","158","760","0","175"
"105","新北市新店區","廣明里","211","0","217","334","0","113","332","0","104"
"105","新北市新店區","文明里","594","0","380","1014","0","165","1014","0","215"
"105","新北市新店區","中興里","1437","0","882","2176","0","403","2377","0","479"
"105","新北市新店區","新生里","1539","1","1072","2379","1","464","2651","0","608"
"105","新北市新店區","新德里","711","0","507","1109","0","210","1223","0","297"
"105","新北市新店區","張北里","2144","1","1514","3390","3","675","3634","4","839"
"105","新北市新店區","五峯里","1889","0","1249","2907","0","572","3256","0","677"
"105","新北市新店區","新安里","1395","0","2340","2066","0","1369","2173","0","971"
"105","新北市新店區","忠誠里","654","0","450","1022","0","187","1069","0","263"
"105","新北市新店區","中正里","1733","0","954","2669","0","426","3034","0","528"
"105","新北市新店區","中華里","1162","0","802","1784","0","353","1916","0","449"
"105","新北市新店區","仁愛里","542","0","390","844","0","168","930","0","222"
"105","新北市新店區","百忍里","1074","0","574","1689","0","242","1864","0","332"
"105","新北市新店區","百和里","878","0","525","1425","0","235","1487","0","290"
"105","新北市新店區","福德里","1071","0","580","1701","0","249","1857","0","331"
"105","新北市新店區","百福里","928","0","626","1412","0","285","1605","0","341"
"105","新北市新店區","福民里","1132","1","677","1698","2","281","1885","3","396"
"105","新北市新店區","中山里","1222","0","1084","1711","0","500","2028","0","584"
"105","新北市新店區","和平里","236","0","163","398","0","81","392","0","82"
"105","新北市新店區","中央里","1508","0","1111","2221","0","519","2558","0","592"
"105","新北市新店區","明城里","946","0","454","1547","0","222","1625","0","232"
"105","新北市新店區","安和里","1959","0","998","3218","0","469","3398","0","529"
"105","新北市新店區","吉祥里","1275","0","538","2140","0","233","2265","0","305"
"105","新北市新店區","寶福里","1884","0","1309","3017","0","593","3112","0","716"
"105","新北市新店區","小城里","1023","0","424","1727","0","215","1796","0","209"
"105","新北市新店區","香坡里","2731","0","1878","4247","0","889","4491","0","989"
"105","新北市新店區","建國里","826","0","501","1256","0","212","1437","0","289"
"105","新北市新店區","復興里","864","1","600","1403","3","281","1487","0","319"
"105","新北市新店區","美城里","747","0","334","1212","0","172","1306","0","162"
"105","新北市新店區","安昌里","1436","0","908","2178","0","410","2430","0","498"
"105","新北市新店區","長春里","701","0","439","1034","0","193","1147","0","246"
"105","新北市新店區","新和里","1138","0","604","1813","0","266","1926","0","338"
"105","新北市新店區","永平里","1544","1","631","2583","6","297","2751","6","334"
"105","新北市新店區","達觀里","997","0","926","1390","0","424","1534","0","502"
"105","新北市新店區","華城里","692","0","524","1017","0","241","1163","0","283"
"105","新北市樹林區","三多里","1079","0","386","2010","0","202","1995","0","184"
"105","新北市樹林區","三福里","1099","0","424","1937","0","229","2022","0","195"
"105","新北市樹林區","三興里","1283","0","533","2351","0","312","2317","0","221"
"105","新北市樹林區","圳安里","992","0","378","1733","0","197","1725","0","181"
"105","新北市樹林區","保安里","1697","0","702","3048","0","364","3064","0","338"
"105","新北市樹林區","潭底里","1177","0","917","2200","0","638","2068","0","279"
"105","新北市樹林區","󿾵寮里","1347","0","501","2390","0","271","2464","0","230"
"105","新北市樹林區","樹德里","974","0","423","1693","0","214","1726","0","209"
"105","新北市樹林區","樹西里","1372","0","675","2352","0","337","2438","0","338"
"105","新北市樹林區","樹南里","1156","0","394","2017","0","173","2028","0","221"
"105","新北市樹林區","樹人里","954","0","298","1652","0","136","1709","0","162"
"105","新北市樹林區","坡內里","406","1","191","809","4","109","809","10","82"
"105","新北市樹林區","樹東里","291","0","239","476","0","130","505","0","109"
"105","新北市樹林區","大同里","956","0","322","1636","0","146","1754","0","176"
"105","新北市樹林區","和平里","1007","0","409","1845","0","220","1865","0","189"
"105","新北市樹林區","彭厝里","1332","0","421","2439","0","219","2511","0","202"
"105","新北市樹林區","彭福里","1412","0","517","2503","0","229","2477","0","288"
"105","新北市樹林區","東山里","830","0","339","1557","0","214","1575","0","125"
"105","新北市樹林區","東陽里","1601","0","630","2954","0","292","2799","0","338"
"105","新北市樹林區","東昇里","1256","0","532","2280","0","256","2342","0","276"
"105","新北市樹林區","樂山里","440","0","178","886","0","105","834","0","73"
"105","新北市樹林區","東園里","443","0","253","876","0","150","779","0","103"
"105","新北市樹林區","西園里","448","0","192","927","0","114","817","0","78"
"105","新北市樹林區","南園里","3945","0","2446","6176","0","1079","6535","0","1367"
"105","新北市樹林區","北園里","539","0","233","1091","0","133","1024","0","100"
"105","新北市樹林區","柑園里","2458","0","1541","3932","0","720","4115","0","821"
"105","新北市樹林區","樹北里","240","0","190","385","0","90","388","0","100"
"105","新北市樹林區","圳福里","1156","0","422","2100","0","230","2130","0","192"
"105","新北市樹林區","樹興里","1002","0","411","1740","0","226","1834","0","185"
"105","新北市樹林區","樹福里","981","0","483","1583","0","225","1745","0","258"
"105","新北市樹林區","光興里","1082","0","331","1938","0","180","1943","0","151"
"105","新北市樹林區","金寮里","1160","0","378","2116","0","197","2101","0","181"
"105","新北市樹林區","彭興里","1587","0","506","2852","0","266","2904","0","240"
"105","新北市樹林區","文林里","1392","0","502","2461","0","239","2528","0","263"
"105","新北市樹林區","山佳里","1506","0","474","2858","0","263","2795","0","211"
"105","新北市樹林區","中山里","1323","0","539","2541","0","286","2491","0","253"
"105","新北市樹林區","育英里","814","0","369","1423","0","171","1476","0","198"
"105","新北市樹林區","中華里","908","0","334","1572","0","134","1650","0","200"
"105","新北市樹林區","太順里","749","0","206","1380","0","117","1347","0","89"
"105","新北市樹林區","圳民里","724","0","356","1308","0","211","1276","0","145"
"105","新北市樹林區","圳生里","418","0","164","796","0","101","759","0","63"
"105","新北市樹林區","三龍里","520","0","239","982","0","130","939","0","109"
"105","新北市鶯歌區","東鶯里","271","0","140","496","0","72","489","0","68"
"105","新北市鶯歌區","西鶯里","565","0","323","1073","0","150","1066","0","173"
"105","新北市鶯歌區","南鶯里","1521","0","618","2741","0","301","2835","0","317"
"105","新北市鶯歌區","北鶯里","1105","0","819","1870","0","433","1878","0","386"
"105","新北市鶯歌區","中鶯里","256","0","146","492","0","62","500","0","84"
"105","新北市鶯歌區","建德里","128","0","70","281","0","44","231","0","26"
"105","新北市鶯歌區","同慶里","487","0","184","846","0","86","913","0","98"
"105","新北市鶯歌區","永昌里","2295","0","634","4361","0","317","4420","0","317"
"105","新北市鶯歌區","南靖里","919","0","395","1763","0","206","1696","0","189"
"105","新北市鶯歌區","尖山里","1876","0","695","3438","0","377","3481","0","318"
"105","新北市鶯歌區","二橋里","2036","0","791","3874","0","436","3774","0","355"
"105","新北市鶯歌區","二甲里","238","0","98","511","0","55","465","0","43"
"105","新北市鶯歌區","東湖里","53","0","70","119","0","36","91","0","34"
"105","新北市鶯歌區","大湖里","1386","0","534","2504","0","280","2453","0","254"
"105","新北市鶯歌區","鳳鳴里","1177","0","386","2290","0","207","2281","0","179"
"105","新北市鶯歌區","鳳福里","1063","0","447","1825","0","221","1907","0","226"
"105","新北市鶯歌區","永吉里","1273","0","376","2482","0","201","2480","0","175"
"105","新北市鶯歌區","中湖里","1488","0","582","2941","0","308","2789","0","274"
"105","新北市鶯歌區","鳳祥里","1225","0","435","2237","0","222","2257","0","213"
"105","新北市鶯歌區","建國里","1835","0","625","3284","0","289","3429","0","336"
"105","新北市三峽區","三峽里","72","0","53","140","0","37","125","0","16"
"105","新北市三峽區","秀川里","164","0","113","282","0","55","301","0","58"
"105","新北市三峽區","八張里","1058","0","444","1916","0","215","1883","0","229"
"105","新北市三峽區","中埔里","799","0","363","1382","0","184","1424","0","179"
"105","新北市三峽區","弘道里","296","0","137","608","0","95","515","0","42"
"105","新北市三峽區","永舘里","1977","0","812","3496","0","359","3730","0","453"
"105","新北市三峽區","礁溪里","1546","0","685","2681","0","317","2719","0","368"
"105","新北市三峽區","鳶山里","2564","0","1291","4642","0","650","4722","0","641"
"105","新北市三峽區","龍埔里","2466","0","1160","4314","0","573","4416","0","587"
"105","新北市三峽區","大埔里","1054","1","360","2097","7","199","1883","6","161"
"105","新北市三峽區","嘉添里","503","1","281","1055","295","167","977","0","114"
"105","新北市三峽區","添福里","281","0","143","586","0","82","511","0","61"
"105","新北市三峽區","金圳里","127","0","103","263","0","73","205","0","30"
"105","新北市三峽區","五寮里","231","0","142","432","0","98","411","0","44"
"105","新北市三峽區","插角里","179","0","196","332","0","118","252","0","78"
"105","新北市三峽區","有木里","187","0","188","365","0","125","282","0","63"
"105","新北市三峽區","溪北里","609","0","273","1203","0","158","1098","0","115"
"105","新北市三峽區","溪南里","379","0","182","798","0","116","689","0","66"
"105","新北市三峽區","溪東里","768","1","261","1517","7","166","1438","34","95"
"105","新北市三峽區","成福里","218","0","110","489","0","63","414","0","47"
"105","新北市三峽區","安坑里","342","0","261","709","0","167","599","0","94"
"105","新北市三峽區","竹崙里","488","0","433","966","0","268","791","0","165"
"105","新北市三峽區","介壽里","1723","0","879","3053","0","511","3134","0","368"
"105","新北市三峽區","安溪里","2018","0","786","3613","0","400","3683","0","386"
"105","新北市三峽區","中正里","1334","0","416","2577","0","203","2544","0","213"
"105","新北市三峽區","二鬮里","943","0","403","1691","0","217","1658","0","186"
"105","新北市三峽區","龍學里","4095","0","2519","6104","0","1052","6840","0","1467"
"105","新北市三峽區","龍恩里","1637","0","937","2596","0","423","2749","0","514"
"105","新北市淡水區","中和里","140","0","74","317","0","53","258","0","21"
"105","新北市淡水區","屯山里","243","0","116","570","0","77","512","0","39"
"105","新北市淡水區","賢孝里","385","0","277","726","0","175","685","0","102"
"105","新北市淡水區","興仁里","408","0","280","768","0","158","694","0","122"
"105","新北市淡水區","蕃薯里","267","0","222","480","0","139","414","0","83"
"105","新北市淡水區","義山里","724","1","420","1273","3","251","1215","3","169"
"105","新北市淡水區","忠山里","209","0","150","421","0","99","381","0","51"
"105","新北市淡水區","崁頂里","2791","0","3142","4151","0","1507","4364","0","1635"
"105","新北市淡水區","埤島里","385","0","304","685","0","185","641","0","119"
"105","新北市淡水區","新興里","1911","0","1269","2999","0","526","3248","0","743"
"105","新北市淡水區","水碓里","1549","0","740","2629","0","368","2833","0","372"
"105","新北市淡水區","北投里","2697","0","1875","4151","0","853","4489","0","1022"
"105","新北市淡水區","水源里","555","0","338","1090","0","192","945","0","146"
"105","新北市淡水區","忠寮里","288","0","141","591","0","101","512","0","40"
"105","新北市淡水區","樹興里","314","0","336","555","0","180","519","0","156"
"105","新北市淡水區","坪頂里","358","0","283","572","0","140","597","0","143"
"105","新北市淡水區","福德里","1679","1","1676","2509","4","736","2599","0","940"
"105","新北市淡水區","竹圍里","1598","0","1345","2373","0","528","2662","0","817"
"105","新北市淡水區","民生里","1703","0","1668","2697","0","639","2900","0","1029"
"105","新北市淡水區","八勢里","1229","1","1586","1744","7","602","2002","1","984"
"105","新北市淡水區","竿蓁里","2475","2","2807","3578","0","1187","3931","22","1620"
"105","新北市淡水區","鄧公里","1656","0","980","2536","0","409","2787","0","571"
"105","新北市淡水區","中興里","1020","0","713","1766","0","325","1824","0","388"
"105","新北市淡水區","長庚里","370","0","261","621","0","137","635","0","124"
"105","新北市淡水區","清文里","289","0","208","522","0","112","514","0","96"
"105","新北市淡水區","草東里","182","0","168","333","0","90","324","0","78"
"105","新北市淡水區","協元里","398","0","224","691","0","114","689","0","110"
"105","新北市淡水區","永吉里","238","0","156","406","0","71","411","0","85"
"105","新北市淡水區","民安里","188","0","106","334","0","57","351","0","49"
"105","新北市淡水區","新生里","119","0","119","179","0","51","186","0","68"
"105","新北市淡水區","文化里","468","0","353","732","0","165","841","0","188"
"105","新北市淡水區","油車里","1440","0","909","2371","0","400","2443","0","509"
"105","新北市淡水區","沙崙里","995","0","726","1670","0","353","1705","0","373"
"105","新北市淡水區","新義里","1142","0","419","2008","0","197","2092","0","222"
"105","新北市淡水區","新春里","2199","0","1210","3497","0","532","3723","0","678"
"105","新北市淡水區","新民里","1228","0","759","2003","0","344","2129","0","415"
"105","新北市淡水區","正德里","1262","0","763","1888","0","305","2140","0","458"
"105","新北市淡水區","北新里","748","0","619","1093","0","276","1214","0","343"
"105","新北市淡水區","民權里","1057","0","966","1650","0","378","1779","0","588"
"105","新北市淡水區","幸福里","1056","0","582","1804","0","288","1919","0","294"
"105","新北市淡水區","學府里","1141","0","991","1874","0","440","1962","0","551"
"105","新北市淡水區","大庄里","1627","0","1415","2456","0","620","2647","0","795"
"105","新北市汐止區","義民里","372","0","265","566","0","136","606","0","129"
"105","新北市汐止區","禮門里","261","0","200","426","0","102","449","0","98"
"105","新北市汐止區","智慧里","1172","0","980","1723","0","441","1992","0","539"
"105","新北市汐止區","信望里","86","0","77","133","0","41","129","0","36"
"105","新北市汐止區","橋東里","766","0","420","1272","0","176","1368","0","244"
"105","新北市汐止區","秀峰里","1299","0","1360","2143","0","865","2235","0","495"
"105","新北市汐止區","新昌里","1445","0","825","2474","0","357","2459","0","468"
"105","新北市汐止區","復興里","1861","0","1421","2727","0","605","3086","0","816"
"105","新北市汐止區","茄苳里","1235","0","540","2203","0","281","2215","0","259"
"105","新北市汐止區","長安里","413","0","274","727","0","150","706","0","124"
"105","新北市汐止區","保安里","415","0","226","720","0","122","738","0","104"
"105","新北市汐止區","保長里","1105","0","774","1891","0","375","1866","0","399"
"105","新北市汐止區","鄉長里","569","0","325","1041","0","165","1006","0","160"
"105","新北市汐止區","江北里","1535","0","929","2705","0","476","2611","0","453"
"105","新北市汐止區","拱北里","1306","0","814","2221","0","425","2159","0","389"
"105","新北市汐止區","烘內里","364","0","371","605","0","194","588","0","177"
"105","新北市汐止區","八連里","264","0","202","440","0","122","403","0","80"
"105","新北市汐止區","樟樹里","533","0","417","951","0","231","854","0","186"
"105","新北市汐止區","北峰里","1111","0","694","1921","0","358","1886","0","336"
"105","新北市汐止區","北山里","1350","0","1226","2020","0","565","2219","0","661"
"105","新北市汐止區","白雲里","1114","0","729","1861","0","364","1891","0","365"
"105","新北市汐止區","橫科里","1133","0","958","1786","0","453","1843","0","505"
"105","新北市汐止區","東山里","149","0","135","238","0","85","251","0","50"
"105","新北市汐止區","福山里","904","0","782","1393","0","330","1457","0","452"
"105","新北市汐止區","宜興里","748","0","699","1102","0","306","1192","0","393"
"105","新北市汐止區","中興里","1824","0","1528","2879","0","757","3005","0","771"
"105","新北市汐止區","湖光里","1428","0","1401","2074","0","658","2254","0","743"
"105","新北市汐止區","仁德里","453","0","302","728","0","145","733","0","157"
"105","新北市汐止區","厚德里","1942","0","1107","3206","0","558","3320","0","549"
"105","新北市汐止區","忠孝里","1966","0","1496","3140","0","682","3286","0","814"
"105","新北市汐止區","自強里","1324","0","870","2141","0","407","2245","0","463"
"105","新北市汐止區","文化里","1098","0","692","1870","0","307","1869","0","385"
"105","新北市汐止區","金龍里","1271","0","1037","2002","0","490","2042","0","547"
"105","新北市汐止區","福德里","812","0","655","1262","0","313","1364","0","342"
"105","新北市汐止區","興福里","751","2","642","1164","3","312","1231","1","330"
"105","新北市汐止區","康福里","1290","0","1389","1806","0","627","1985","0","762"
"105","新北市汐止區","忠山里","873","0","702","1283","0","357","1427","0","345"
"105","新北市汐止區","環河里","300","0","232","521","0","148","475","0","84"
"105","新北市汐止區","東勢里","991","0","1026","1528","0","498","1581","0","528"
"105","新北市汐止區","山光里","702","0","444","1169","0","207","1216","0","237"
"105","新北市汐止區","大同里","730","0","541","1141","0","240","1232","0","301"
"105","新北市汐止區","崇德里","1339","0","786","2220","0","402","2301","0","384"
"105","新北市汐止區","湖興里","1602","0","1346","2479","0","666","2553","0","680"
"105","新北市汐止區","長青里","224","0","346","310","0","157","343","0","189"
"105","新北市汐止區","福安里","1708","0","728","2741","0","344","2940","0","384"
"105","新北市汐止區","秀山里","1158","0","643","1946","0","328","2020","0","315"
"105","新北市汐止區","建成里","1384","0","951","2101","0","376","2245","0","575"
"105","新北市汐止區","城中里","1254","0","743","1916","0","300","2098","0","443"
"105","新北市汐止區","湖蓮里","658","0","759","920","0","326","984","0","433"
"105","新北市汐止區","保新里","698","0","697","1093","0","336","1152","0","361"
"105","新北市瑞芳區","龍潭里","207","0","145","331","0","73","340","0","72"
"105","新北市瑞芳區","龍興里","540","0","397","914","0","202","967","0","195"
"105","新北市瑞芳區","龍鎮里","376","0","198","609","0","100","631","0","98"
"105","新北市瑞芳區","龍川里","477","0","249","793","0","133","878","0","116"
"105","新北市瑞芳區","龍山里","368","0","223","682","0","135","614","0","88"
"105","新北市瑞芳區","龍安里","177","0","100","314","0","47","300","0","53"
"105","新北市瑞芳區","爪峯里","1079","0","529","1869","0","251","1897","0","278"
"105","新北市瑞芳區","柑坪里","299","0","139","600","0","75","541","0","64"
"105","新北市瑞芳區","東和里","485","0","242","882","0","114","880","0","128"
"105","新北市瑞芳區","上天里","349","0","202","679","0","117","596","0","85"
"105","新北市瑞芳區","吉慶里","479","0","247","861","0","149","799","0","98"
"105","新北市瑞芳區","吉安里","865","0","444","1534","0","227","1503","0","217"
"105","新北市瑞芳區","傑魚里","536","0","271","1030","0","144","975","0","127"
"105","新北市瑞芳區","猴硐里","134","0","76","247","0","53","206","0","23"
"105","新北市瑞芳區","光復里","76","0","68","129","0","41","121","0","27"
"105","新北市瑞芳區","弓橋里","73","0","67","142","0","45","108","0","22"
"105","新北市瑞芳區","碩仁里","40","0","43","71","0","25","60","0","18"
"105","新北市瑞芳區","基山里","129","0","100","215","0","46","197","0","54"
"105","新北市瑞芳區","永慶里","117","0","121","191","0","65","175","0","56"
"105","新北市瑞芳區","崇文里","83","0","83","150","0","38","124","0","45"
"105","新北市瑞芳區","福住里","41","0","59","68","0","30","52","0","29"
"105","新北市瑞芳區","頌德里","83","0","109","140","0","56","136","0","53"
"105","新北市瑞芳區","新山里","88","0","112","157","0","63","127","0","49"
"105","新北市瑞芳區","瓜山里","42","0","72","65","0","39","60","0","33"
"105","新北市瑞芳區","銅山里","49","0","62","90","0","34","71","0","28"
"105","新北市瑞芳區","石山里","88","0","103","138","0","55","124","0","48"
"105","新北市瑞芳區","濓新里","72","0","62","126","0","24","125","0","38"
"105","新北市瑞芳區","濓洞里","124","0","132","182","0","58","204","0","74"
"105","新北市瑞芳區","海濱里","329","0","329","486","0","137","538","0","192"
"105","新北市瑞芳區","瑞濱里","557","0","525","869","0","239","863","0","286"
"105","新北市瑞芳區","深澳里","341","0","306","528","0","142","574","0","164"
"105","新北市瑞芳區","南雅里","72","0","20","137","0","15","130","0","5"
"105","新北市瑞芳區","鼻頭里","201","0","58","456","0","28","462","0","30"
"105","新北市瑞芳區","新峰里","901","0","398","1639","0","194","1607","0","204"
"105","新北市土城區","埤塘里","1101","0","1699","1933","0","1221","1863","0","478"
"105","新北市土城區","土城里","530","0","302","915","0","132","947","0","170"
"105","新北市土城區","員林里","1598","0","738","2633","0","350","2747","0","388"
"105","新北市土城區","員仁里","1467","0","558","2634","0","278","2706","0","280"
"105","新北市土城區","長風里","572","0","249","919","0","128","989","0","121"
"105","新北市土城區","日新里","1244","0","510","2192","0","251","2213","0","259"
"105","新北市土城區","日和里","1567","0","616","2699","0","290","2786","0","326"
"105","新北市土城區","貨饒里","1101","0","491","1893","0","231","1901","0","260"
"105","新北市土城區","柑林里","934","0","417","1511","0","208","1623","0","209"
"105","新北市土城區","埤林里","2311","0","824","3959","0","381","4184","0","443"
"105","新北市土城區","瑞興里","861","0","387","1439","0","184","1487","0","203"
"105","新北市土城區","清水里","2200","0","754","3804","0","368","4008","0","386"
"105","新北市土城區","清和里","1675","0","581","3016","0","315","2970","0","266"
"105","新北市土城區","永豐里","1194","1","452","2077","10","218","2172","0","234"
"105","新北市土城區","清化里","407","0","228","795","0","120","716","0","108"
"105","新北市土城區","清溪里","1857","0","905","3129","0","495","3281","0","410"
"105","新北市土城區","峯廷里","1964","0","691","3600","0","317","3614","0","374"
"105","新北市土城區","平和里","1860","0","583","3339","0","296","3422","0","287"
"105","新北市土城區","廷寮里","1292","0","435","2341","0","236","2383","0","199"
"105","新北市土城區","大安里","1222","0","747","2161","0","379","2175","0","368"
"105","新北市土城區","永寧里","2173","0","1041","3850","0","520","3917","0","521"
"105","新北市土城區","沛陂里","1183","0","653","2090","0","340","2026","0","313"
"105","新北市土城區","頂埔里","1334","0","616","2246","0","326","2337","0","290"
"105","新北市土城區","頂福里","1347","0","651","2380","0","346","2402","0","305"
"105","新北市土城區","頂新里","775","0","420","1244","0","189","1335","0","231"
"105","新北市土城區","祖田里","436","0","177","804","0","97","773","0","80"
"105","新北市土城區","樂利里","1390","0","604","2424","0","262","2431","0","342"
"105","新北市土城區","廣福里","1568","0","509","2718","0","241","2782","0","268"
"105","新北市土城區","學府里","970","0","306","1670","0","155","1817","0","151"
"105","新北市土城區","延壽里","1221","0","513","2188","0","232","2116","0","281"
"105","新北市土城區","安和里","1357","0","480","2353","0","247","2406","0","233"
"105","新北市土城區","青雲里","797","0","309","1408","0","151","1459","0","158"
"105","新北市土城區","員福里","1490","0","605","2599","0","302","2564","0","303"
"105","新北市土城區","延吉里","1127","0","455","2069","0","247","2067","0","208"
"105","新北市土城區","復興里","1214","0","473","2126","0","232","2182","0","241"
"105","新北市土城區","裕生里","1496","0","631","2580","0","284","2603","0","347"
"105","新北市土城區","員信里","1165","0","492","2035","0","250","2098","0","242"
"105","新北市土城區","永富里","1413","0","542","2468","0","267","2545","0","275"
"105","新北市土城區","學成里","883","0","293","1585","0","119","1559","0","174"
"105","新北市土城區","延和里","1780","0","692","2898","0","321","3188","0","371"
"105","新北市土城區","中正里","867","0","390","1439","0","160","1591","0","230"
"105","新北市土城區","學士里","1344","0","440","2238","0","195","2387","0","245"
"105","新北市土城區","明德里","1571","0","808","2454","0","354","2767","0","454"
"105","新北市土城區","廣興里","937","0","394","1594","0","155","1700","0","239"
"105","新北市土城區","青山里","801","0","284","1474","0","152","1471","0","132"
"105","新北市土城區","金城里","1674","0","709","2769","0","297","2980","0","412"
"105","新北市土城區","延祿里","1134","0","444","2023","0","215","1987","0","229"
"105","新北市蘆洲區","正義里","3628","0","1292","5921","0","603","6405","0","689"
"105","新北市蘆洲區","中原里","1488","0","495","2643","0","239","2725","0","256"
"105","新北市蘆洲區","中路里","1018","0","400","1927","0","202","1914","0","198"
"105","新北市蘆洲區","光華里","1355","0","540","2342","0","241","2526","0","299"
"105","新北市蘆洲區","保佑里","988","1","385","1804","1","190","1827","0","195"
"105","新北市蘆洲區","水湳里","2818","0","999","4932","0","474","5088","0","525"
"105","新北市蘆洲區","樓厝里","1668","0","771","2877","0","374","3033","0","397"
"105","新北市蘆洲區","鷺江里","1491","0","556","2601","0","256","2686","0","300"
"105","新北市蘆洲區","恆德里","1628","0","916","2697","0","441","2816","0","475"
"105","新北市蘆洲區","溪墘里","830","0","363","1490","0","168","1543","0","195"
"105","新北市蘆洲區","樹德里","880","0","388","1589","0","193","1588","0","195"
"105","新北市蘆洲區","保和里","690","0","286","1242","0","133","1249","0","153"
"105","新北市蘆洲區","仁復里","579","0","273","990","0","127","1022","0","146"
"105","新北市蘆洲區","得勝里","882","0","413","1496","0","216","1642","0","197"
"105","新北市蘆洲區","南港里","1606","0","461","2859","0","231","2985","0","230"
"105","新北市蘆洲區","永樂里","1709","0","524","3117","0","272","3099","0","252"
"105","新北市蘆洲區","永康里","1885","0","552","3260","0","245","3490","0","307"
"105","新北市蘆洲區","信義里","1060","0","376","1937","0","193","1963","0","183"
"105","新北市蘆洲區","玉清里","1490","0","761","2578","0","350","2679","0","411"
"105","新北市蘆洲區","復興里","944","0","349","1694","0","178","1695","0","171"
"105","新北市蘆洲區","水河里","2479","0","891","4393","0","437","4511","0","454"
"105","新北市蘆洲區","仁愛里","1410","0","437","2551","0","209","2576","0","228"
"105","新北市蘆洲區","忠義里","822","0","382","1495","0","164","1516","0","218"
"105","新北市蘆洲區","九芎里","1423","0","508","2543","0","244","2603","0","264"
"105","新北市蘆洲區","中華里","890","0","363","1563","0","161","1585","0","202"
"105","新北市蘆洲區","得仁里","822","0","322","1432","0","159","1491","0","163"
"105","新北市蘆洲區","仁德里","1461","0","497","2634","0","241","2657","0","256"
"105","新北市蘆洲區","仁義里","1252","0","1382","2090","0","896","2062","0","486"
"105","新北市蘆洲區","光明里","1308","0","460","2362","0","218","2411","0","242"
"105","新北市蘆洲區","保新里","706","0","282","1301","0","146","1300","0","136"
"105","新北市蘆洲區","長安里","1358","0","442","2502","0","226","2509","0","216"
"105","新北市蘆洲區","民和里","715","0","339","1275","0","167","1275","0","172"
"105","新北市蘆洲區","忠孝里","644","0","187","1191","0","105","1228","0","82"
"105","新北市蘆洲區","福安里","852","0","300","1511","0","154","1613","0","146"
"105","新北市蘆洲區","永安里","1388","0","439","2437","0","199","2573","0","240"
"105","新北市蘆洲區","延平里","1119","0","425","2013","0","209","2025","0","216"
"105","新北市蘆洲區","成功里","2041","0","578","3590","0","291","3849","0","287"
"105","新北市蘆洲區","永德里","1199","0","374","2149","0","187","2206","0","187"
"105","新北市五股區","興珍里","1198","0","493","2342","0","274","2206","0","219"
"105","新北市五股區","更寮里","304","0","168","565","0","109","556","0","59"
"105","新北市五股區","集福里","998","0","519","1764","0","272","1753","0","247"
"105","新北市五股區","觀音里","332","0","211","709","0","132","604","0","79"
"105","新北市五股區","成州里","1542","0","661","2850","0","359","2769","0","302"
"105","新北市五股區","成功里","1548","0","817","2750","0","417","2676","0","400"
"105","新北市五股區","五龍里","325","0","157","761","0","107","637","0","50"
"105","新北市五股區","五股里","1088","0","772","1935","0","467","1925","0","305"
"105","新北市五股區","五福里","976","0","340","1753","0","185","1733","0","155"
"105","新北市五股區","德音里","1420","0","574","2495","0","285","2549","0","289"
"105","新北市五股區","陸一里","643","0","407","1053","0","185","1073","0","222"
"105","新北市五股區","貿商里","876","0","360","1394","0","155","1440","0","205"
"105","新北市五股區","德泰里","1201","0","467","2004","0","235","2158","0","232"
"105","新北市五股區","成德里","752","0","373","1425","0","194","1389","0","179"
"105","新北市五股區","六福里","1025","0","399","1743","0","204","1819","0","195"
"105","新北市五股區","集賢里","1008","0","398","1811","0","215","1867","0","183"
"105","新北市五股區","民義里","872","0","374","1578","0","196","1604","0","178"
"105","新北市五股區","成泰里","1765","0","1257","3100","0","649","3015","0","608"
"105","新北市五股區","水碓里","2062","0","810","3711","0","394","3702","0","416"
"105","新北市五股區","福德里","862","0","393","1454","0","218","1512","0","175"
"105","新北市泰山區","大科里","234","0","102","507","0","66","451","0","36"
"105","新北市泰山區","黎明里","965","0","373","1683","0","189","1722","0","184"
"105","新北市泰山區","山腳里","1781","0","662","3211","0","355","3248","0","307"
"105","新北市泰山區","福泰里","747","0","304","1363","0","164","1361","0","140"
"105","新北市泰山區","楓樹里","1179","0","514","2138","0","253","2085","0","261"
"105","新北市泰山區","同榮里","1117","0","382","1984","0","173","2003","0","209"
"105","新北市泰山區","義學里","1249","0","447","2290","0","215","2255","0","232"
"105","新北市泰山區","明志里","1000","0","355","1742","0","176","1759","0","179"
"105","新北市泰山區","貴子里","1013","0","542","1717","0","284","1779","0","258"
"105","新北市泰山區","貴和里","1315","0","642","2291","0","331","2319","0","311"
"105","新北市泰山區","同興里","1071","0","363","1902","0","169","1984","0","194"
"105","新北市泰山區","義仁里","2233","0","950","3933","0","489","3934","0","461"
"105","新北市泰山區","泰友里","583","0","207","1031","0","111","1077","0","96"
"105","新北市泰山區","新明里","899","0","326","1619","0","167","1619","0","159"
"105","新北市泰山區","貴賢里","1016","0","500","1709","0","239","1738","0","261"
"105","新北市泰山區","福興里","999","0","404","1724","0","194","1800","0","210"
"105","新北市泰山區","全興里","2537","0","1219","4144","0","615","4403","0","604"
"105","新北市林口區","東林里","1086","1","432","2055","0","231","2018","32","201"
"105","新北市林口區","林口里","1434","0","713","2544","0","344","2626","0","369"
"105","新北市林口區","西林里","2468","0","1420","4200","0","732","4300","0","688"
"105","新北市林口區","菁湖里","1136","0","464","2091","0","230","2103","0","234"
"105","新北市林口區","中湖里","1022","0","453","1910","0","237","1908","0","216"
"105","新北市林口區","湖北里","388","0","106","810","0","80","774","0","26"
"105","新北市林口區","湖南里","5296","0","3604","8154","0","1616","8667","0","1988"
"105","新北市林口區","南勢里","4387","0","3609","6644","0","1658","7126","0","1951"
"105","新北市林口區","東勢里","1659","0","662","2886","0","325","3017","0","337"
"105","新北市林口區","頂福里","279","0","135","577","0","94","513","0","41"
"105","新北市林口區","下福里","359","0","130","702","0","83","680","0","47"
"105","新北市林口區","嘉寶里","247","0","111","509","0","68","472","0","43"
"105","新北市林口區","瑞平里","247","0","88","486","0","57","448","0","31"
"105","新北市林口區","太平里","439","1","191","737","1","105","761","0","86"
"105","新北市林口區","仁愛里","1924","0","828","3057","0","384","3393","0","444"
"105","新北市林口區","麗林里","2613","0","1082","4101","0","485","4509","0","597"
"105","新北市林口區","麗園里","1125","0","398","1939","0","203","2043","0","195"
"105","新北市深坑區","深坑里","865","1","566","1459","29","280","1476","28","286"
"105","新北市深坑區","萬順里","599","0","497","1034","0","251","1047","0","246"
"105","新北市深坑區","土庫里","769","0","418","1367","0","213","1405","0","205"
"105","新北市深坑區","昇高里","529","0","268","1002","0","157","935","0","111"
"105","新北市深坑區","阿柔里","138","0","88","309","0","55","247","0","33"
"105","新北市深坑區","埔新里","1605","0","996","2691","0","428","2745","0","568"
"105","新北市深坑區","萬福里","667","1","546","1096","1","311","1128","0","235"
"105","新北市深坑區","賴仲里","575","0","420","967","0","200","918","0","220"
"105","新北市石碇區","石碇里","112","0","64","215","0","37","173","0","27"
"105","新北市石碇區","潭邊里","201","0","205","356","0","122","322","0","83"
"105","新北市石碇區","隆盛里","182","0","113","364","0","83","314","0","30"
"105","新北市石碇區","烏塗里","174","0","183","310","0","114","255","0","69"
"105","新北市石碇區","彭山里","89","0","71","143","0","44","141","0","27"
"105","新北市石碇區","豐田里","87","0","137","153","0","98","140","0","39"
"105","新北市石碇區","永定里","158","0","112","299","0","68","271","0","44"
"105","新北市石碇區","中民里","197","0","150","393","0","99","306","0","51"
"105","新北市石碇區","光明里","66","0","83","112","0","57","82","0","26"
"105","新北市石碇區","豐林里","75","0","37","139","0","25","130","0","12"
"105","新北市石碇區","永安里","240","0","135","384","0","70","373","0","65"
"105","新北市石碇區","格頭里","244","0","249","429","0","139","393","0","110"
"105","新北市坪林區","粗窟里","218","0","144","446","0","90","351","0","54"
"105","新北市坪林區","坪林里","305","0","167","663","0","101","580","0","66"
"105","新北市坪林區","大林里","274","1","198","547","53","127","470","0","71"
"105","新北市坪林區","石𥕢里","106","0","94","195","0","55","177","0","39"
"105","新北市坪林區","上德里","195","0","140","422","0","81","319","0","59"
"105","新北市坪林區","水德里","165","0","115","308","0","65","276","0","50"
"105","新北市坪林區","漁光里","220","0","178","366","0","114","329","0","64"
"105","新北市三芝區","八賢里","83","0","67","148","0","46","147","0","21"
"105","新北市三芝區","埔頭里","1362","0","818","2348","0","387","2460","0","431"
"105","新北市三芝區","古庄里","246","0","268","465","0","133","412","0","135"
"105","新北市三芝區","新庄里","210","0","157","428","0","92","394","0","65"
"105","新北市三芝區","埔坪里","1793","0","1098","3171","0","521","3111","0","577"
"105","新北市三芝區","茂長里","164","0","139","303","0","71","261","0","68"
"105","新北市三芝區","橫山里","133","0","96","258","0","65","196","0","31"
"105","新北市三芝區","錫板里","183","0","118","378","0","88","300","0","30"
"105","新北市三芝區","後厝里","512","0","616","860","0","289","790","0","327"
"105","新北市三芝區","福德里","196","0","160","378","0","81","360","0","79"
"105","新北市三芝區","圓山里","135","0","79","303","0","56","250","0","23"
"105","新北市三芝區","店子里","154","0","112","317","0","74","263","0","38"
"105","新北市三芝區","興華里","305","0","227","606","0","133","507","0","94"
"105","新北市石門區","德茂里","312","0","149","651","0","74","565","0","75"
"105","新北市石門區","富基里","401","0","155","750","0","80","763","0","75"
"105","新北市石門區","老梅里","595","0","255","1166","0","134","1147","0","121"
"105","新北市石門區","山溪里","237","0","122","476","0","81","410","0","41"
"105","新北市石門區","石門里","432","1","242","820","1","127","779","2","115"
"105","新北市石門區","尖鹿里","434","0","216","822","0","112","773","0","104"
"105","新北市石門區","乾華里","93","0","53","172","0","37","144","0","16"
"105","新北市石門區","茂林里","161","1","75","320","30","47","324","2","28"
"105","新北市石門區","草里里","250","0","121","496","0","73","495","0","48"
"105","新北市八里區","龍源里","1830","0","1327","2946","0","609","3086","0","718"
"105","新北市八里區","米倉里","835","0","568","1551","0","292","1491","0","276"
"105","新北市八里區","大崁里","722","1","423","1353","21","245","1345","27","178"
"105","新北市八里區","埤頭里","1005","0","518","1754","0","271","1796","0","247"
"105","新北市八里區","頂罟里","533","0","247","920","0","128","968","0","119"
"105","新北市八里區","舊城里","1906","1","881","3243","7","419","3372","3","462"
"105","新北市八里區","訊塘里","1165","0","722","2029","0","394","2090","0","328"
"105","新北市八里區","荖阡里","432","0","202","916","0","108","874","0","94"
"105","新北市八里區","長坑里","375","1","90","856","6","58","774","8","32"
"105","新北市八里區","下罟里","382","0","143","818","0","70","792","0","73"
"105","新北市平溪區","薯榔里","108","0","102","187","0","59","147","0","43"
"105","新北市平溪區","菁桐里","69","0","64","113","0","41","107","0","23"
"105","新北市平溪區","白石里","66","0","67","112","0","40","96","0","27"
"105","新北市平溪區","石底里","117","0","101","206","0","56","185","0","45"
"105","新北市平溪區","平溪里","65","1","49","113","1","26","107","0","23"
"105","新北市平溪區","嶺腳里","176","0","146","314","0","75","256","0","71"
"105","新北市平溪區","東勢里","103","0","139","164","0","90","143","0","49"
"105","新北市平溪區","望古里","35","0","67","52","0","39","37","0","28"
"105","新北市平溪區","南山里","90","0","119","153","0","76","118","0","43"
"105","新北市平溪區","平湖里","41","0","57","69","0","33","60","0","24"
"105","新北市平溪區","十分里","227","0","219","402","0","116","335","0","103"
"105","新北市平溪區","新寮里","34","0","66","57","0","44","48","0","22"
"105","新北市雙溪區","雙溪里","130","0","97","220","0","45","210","0","52"
"105","新北市雙溪區","共和里","107","0","92","197","0","46","162","0","46"
"105","新北市雙溪區","新基里","229","0","141","405","0","89","353","0","52"
"105","新北市雙溪區","魚行里","184","0","180","335","0","117","288","0","63"
"105","新北市雙溪區","三港里","107","0","91","193","0","64","162","0","27"
"105","新北市雙溪區","牡丹里","449","0","279","814","0","142","745","0","137"
"105","新北市雙溪區","三貂里","79","1","80","143","1","52","136","0","28"
"105","新北市雙溪區","平林里","253","0","210","450","0","127","418","0","83"
"105","新北市雙溪區","上林里","166","0","139","311","0","88","258","0","51"
"105","新北市雙溪區","外柑里","105","0","117","192","0","78","149","0","39"
"105","新北市雙溪區","長源里","95","0","94","164","0","53","129","0","41"
"105","新北市雙溪區","泰平里","243","0","151","480","0","95","488","0","56"
"105","新北市貢寮區","貢寮里","241","0","153","416","0","89","433","0","64"
"105","新北市貢寮區","吉林里","109","0","125","220","0","94","159","0","31"
"105","新北市貢寮區","雙玉里","201","0","112","358","0","82","326","0","30"
"105","新北市貢寮區","龍崗里","106","0","85","204","0","61","172","0","24"
"105","新北市貢寮區","龍門里","184","0","70","341","0","41","345","0","29"
"105","新北市貢寮區","福隆里","430","0","228","820","0","120","881","0","108"
"105","新北市貢寮區","仁里里","465","0","209","885","0","118","877","0","91"
"105","新北市貢寮區","真理里","521","0","205","1023","0","113","1108","0","92"
